<?xml version="1.0"?>
<doc>
    <assembly>
        <name>Juego</name>
    </assembly>
    <members>
        <member name="T:Juego.App">
            <summary>
            Lógica de interacción para App.xaml
            </summary>
            <summary>
            App
            </summary>
        </member>
        <member name="M:Juego.App.InitializeComponent">
            <summary>
            InitializeComponent
            </summary>
        </member>
        <member name="M:Juego.App.Main">
            <summary>
            Application Entry Point.
            </summary>
        </member>
        <member name="T:Juego.MainWindow">
            <summary>
            Funcion principal del programa
            </summary>
            <summary>
            MainWindow
            </summary>
        </member>
        <member name="M:Juego.MainWindow.InitializeComponent">
            <summary>
            InitializeComponent
            </summary>
        </member>
        <member name="T:Juego.Properties.Resources">
            <summary>
              Clase de recurso fuertemente tipado para buscar cadenas traducidas, etc.
            </summary>
        </member>
        <member name="P:Juego.Properties.Resources.ResourceManager">
            <summary>
              Devuelve la instancia ResourceManager almacenada en caché utilizada por esta clase.
            </summary>
        </member>
        <member name="P:Juego.Properties.Resources.Culture">
            <summary>
              Invalida la propiedad CurrentUICulture del subproceso actual para todas las
              búsquedas de recursos usando esta clase de recursos fuertemente tipados.
            </summary>
        </member>
    </members>
</doc>
